"lineid","car","time","location","longitude","latitude","cityid","cityname"
"234046","148-BY","2019/02/21 19:39:19","新北市永和區永元路94號","121.522546666667","25.00169","6500400","永和區"
"234081","298-R6","2019/02/21 19:39:29","新北市永和區國中路104巷8弄19號","121.52532","25.0063733333333","6500400","永和區"
"234038","336-UY","2019/02/21 19:39:30","新北市永和區民樂街29號","121.527788333333","25.00156","6500400","永和區"
"234086","338-UY","2019/02/21 19:39:32","新北市永和區永亨路151號","121.52568","25.0038433333333","6500400","永和區"
"234070","552-UM","2019/02/21 19:39:35","新北市永和區永和路二段234號","121.515706666667","25.0143766666667","6500400","永和區"
"234064","553-UM","2019/02/21 19:39:31","新北市永和區秀朗路一段192巷6弄5號","121.519343333333","25.00215","6500400","永和區"
"234017","745-BX","2019/02/21 19:39:33","新北市永和區永和路二段425巷62號","121.51367","25.0173216666667","6500400","永和區"
"234030","746-BX","2019/02/21 19:39:36","新北市永和區民權路1巷36號","121.522021666667","24.9981683333333","6500400","永和區"
"234054","KEA-2590","2019/02/21 19:39:20","新北市永和區竹林路39巷25號","121.51909","25.0148583333333","6500400","永和區"
"234007","KED-0605","2019/02/21 19:39:28","新北市中和區中和路356號","121.510246666667","25.0016583333333","6500400","永和區"
"234013","KEA-2591","2019/02/21 19:39:21","新北市永和區永平路220號","121.509111666667","25.0105733333333","6500400","永和區"
"234061","AAD-866","2019/02/21 19:39:20","新北市永和區中正路446號","121.517418333333","25.0027833333333","6500400","永和區"
"234042","862-TW","2019/02/21 19:39:18","新北市永和區中和路603號","121.512403333333","25.0043983333333","6500400","永和區"
"234050","863-TW","2019/02/21 19:39:31","新北市永和區保安路41號","121.509736666667","25.0160766666667","6500400","永和區"
"234026","9371-KE","2019/02/21 19:39:34","新北市永和區中和路501巷5號","121.51048","25.002655","6500400","永和區"
"249002","305-UY","2019/02/21 19:39:34","新北市八里區頂寮二街33-1號","121.450281666667","25.1251883333333","6502300","八里區"
"249003","593-UM","2019/02/21 19:39:35","新北市八里區華峰三街29號","121.399351666667","25.145905","6502300","八里區"
"249004","759-BX","2019/02/21 19:39:26","新北市八里區中山路一段268巷31號","121.413566666667","25.1604733333333","6502300","八里區"
"248014","025-BX","2019/02/21 19:39:24","新北市五股區五福路100巷23號","121.433063333333","25.0908066666667","6501500","五股區"
"248016","026-BX","2019/02/21 19:39:26","新北市五股區成泰路四段22巷29-6號","121.455751666667","25.108425","6501500","五股區"
"248008","KED-0815","2019/02/21 19:39:21","新北市五股區四維路116-6號","121.468273333333","25.0744833333333","6501500","五股區"
"248020","KED-0813","2019/02/21 19:39:32","新北市五股區中直路28-3號","121.423835","25.112255","6501500","五股區"
"248012","247-BX","2019/02/21 19:39:37","新北市五股區成泰路一段237-22號","121.435933333333","25.0805916666667","6501500","五股區"
"248004","677-BX","2019/02/21 19:39:30","新北市五股區成泰路二段38號","121.43708","25.0813166666667","6501500","五股區"
"248002","678-BX","2019/02/21 19:39:28","新北市五股區成泰路三段577巷82號","121.449633333333","25.1037633333333","6501500","五股區"
"248010","682-TV","2019/02/21 19:39:35","新北市五股區自強路164號","121.432136666667","25.0697866666667","6501500","五股區"
"234077","969-R7","2019/02/21 19:39:23","新北市永和區民權路1巷10號","121.520816666667","24.998355","6500400","永和區"
"234074","AAC-211","2019/02/21 19:39:34","新北市永和區竹林路206號","121.520698333333","25.0084866666667","6500400","永和區"
"234067","AAC-212","2019/02/21 19:39:32","新北市永和區永貞路406巷26號","121.509716666667","25.0079416666667","6500400","永和區"
"234003","AAC-295","2019/02/21 19:39:27","新北市永和區自由街62號","121.513638333333","25.00571","6500400","永和區"
"244023","403-UM","2019/02/21 19:39:33","新北市林口區民權路151號","121.373501666667","25.083855","6501700","林口區"
"244009","656-BX","2019/02/21 19:39:26","新北市八里區中華路三段170-1號","121.392231666667","25.130255","6501700","林口區"
"243010","267-VK","2019/02/21 19:39:31","新北市泰山區民生路66號","121.432166666667","25.05188","6501600","泰山區"
"243013","AAD-798","2019/02/21 19:39:35","新北市泰山區應化街7號","121.423863333333","25.043725","6501600","泰山區"
"243009","297-R6","2019/02/21 19:39:32","新北市泰山區美寧街69號","121.430956666667","25.0647633333333","6501600","泰山區"
"243016","KEA-2801","2019/02/21 19:39:24","新北市泰山區明志路三段427號","121.420821666667","25.0333333333333","6501600","泰山區"
"243015","421-VK","2019/02/21 19:39:33","新北市泰山區文程路18巷22號","121.42817","25.0485033333333","6501600","泰山區"
"243011","KEA-2215","2019/02/21 19:39:26","新北市三重區新北大道六段100號","121.428023333333","25.0384883333333","6501600","泰山區"
"243012","646-TV","2019/02/21 19:39:17","新北市泰山區仁愛路100巷29號","121.43354","25.055065","6501600","泰山區"
"243014","680-BX","2019/02/21 19:39:29","新北市泰山區泰林路二段25號","121.43521","25.0563483333333","6501600","泰山區"
"222003","436-BY","2019/02/21 19:34:19","新北市深坑區深南路51-1號","121.62118","25.00984","6501800","深坑區"
"222002","659-BX","2019/02/21 19:39:27","新北市深坑區北深路一段177號","121.632536666667","25.01087","6501800","深坑區"
"231041","002-UM","2019/02/21 19:39:34","新北市新店區中正路487號","121.533973333333","24.9820666666667","6500600","新店區"
"231059","046-UY","2019/02/21 19:39:21","新北市新店區安和路三段105號","121.517725","24.9845516666667","6500600","新店區"
"231044","106-UY","2019/02/21 19:39:21","新北市新店區北新路三段137號","121.541345","24.98298","6500600","新店區"
"231046","107-UY","2019/02/21 19:39:25","新北市新店區中正路329巷1弄2號","121.535623333333","24.9749333333333","6500600","新店區"
"231052","108-UY","2019/02/21 19:39:22","新北市新店區新烏路二段486號","121.553033333333","24.9079433333333","6500600","新店區"
"231047","187-VK","2019/02/21 19:39:29","新北市新店區五峰路63巷8弄36號","121.547678333333","24.96908","6500600","新店區"
"231054","KEA-2219","2019/02/21 19:39:24","新北市新店區文中路40號","121.539661666667","24.9565133333333","6500600","新店區"
"221035","KEA-2785","2019/02/21 19:39:28","新北市汐止區康寧街901號","121.651101666667","25.0751716666667","6501100","汐止區"
"231057","256-BX","2019/02/21 19:39:25","新北市新店區橘園一路11號","121.547983333333","24.9340633333333","6500600","新店區"
"231042","268-BY","2019/02/21 19:39:26","新北市新店區中興路一段193號","121.543278333333","24.9651016666667","6500600","新店區"
"231051","278-BY","2019/02/21 19:39:32","新北市新店區中央二街42-1號","121.527428333333","24.974125","6500600","新店區"
"231050","AAD-862","2019/02/21 19:39:32","新北市新店區郵政路69號","121.555538333333","24.9514833333333","6500600","新店區"
"231058","3713-VJ","2019/02/21 19:39:23","新北市新店區中正路76巷11弄11號","121.543911666667","24.9713283333333","6500600","新店區"
"231066","4716-K9","2019/02/21 19:39:33","新北市新店區安康路三段207巷19號","121.488435","24.9508066666667","6500600","新店區"
"231056","4715-K9","2019/02/21 19:39:24","新北市新店區民權路72號","121.53812","24.9831316666667","6500600","新店區"
"231067","4772-VM","2019/02/21 19:39:19","新北市新店區安德街60巷35號","121.510846666667","24.9635633333333","6500600","新店區"
"231065","512-UM","2019/02/21 19:39:35","新北市新店區安祥路109巷29號","121.476411666667","24.9593983333333","6500600","新店區"
"231049","513-UM","2019/02/21 19:39:26","新北市新店區建國路128巷3-1號","121.539023333333","24.9793883333333","6500600","新店區"
"231061","619-UM","2019/02/21 19:39:26","新北市新店區安民街48號","121.516095","24.965745","6500600","新店區"
"231063","641-BX","2019/02/21 19:39:20","新北市新店區達觀路24號","121.501813333333","24.9408083333333","6500600","新店區"
"231039","KED-0819","2019/02/21 19:14:07","新北市新店區安一路一段1-1號","121.519773333333","24.9611983333333","6500600","新店區"
"231062","720-UM","2019/02/21 19:39:27","新北市新店區碧潭路60號","121.534475","24.956905","6500600","新店區"
"231060","897-TW","2019/02/21 19:39:18","新北市新店區安康路二段119-1號","121.512463333333","24.96148","6500600","新店區"
"231045","898-TW","2019/02/21 19:39:35","新北市新店區北宜路二段341號","121.55773","24.954015","6500600","新店區"
"231043","899-TW","2019/02/21 19:39:17","新北市新店區中正路125號","121.542051666667","24.971235","6500600","新店區"
"231055","AKT-0513","2019/02/21 19:39:19","新北市新店區新生街5巷10號","121.53989","24.9657316666667","6500600","新店區"
"241028","022-UY","2019/02/21 19:39:28","新北市三重區中正南路190號","121.493918333333","25.056065","6500200","三重區"
"241008","059-VK","2019/02/21 19:39:39","新北市三重區永福街137號","121.478731666667","25.0767633333333","6500200","三重區"
"241014","060-VK","2019/02/21 19:39:28","新北市三重區河邊北街84號","121.504125","25.0692516666667","6500200","三重區"
"241031","061-VK","2019/02/21 19:39:22","新北市三重區重新路四段244巷31號","121.487081666667","25.0535183333333","6500200","三重區"
"241015","062-VK","2019/02/21 19:39:25","新北市三重區福德北路46號","121.50204","25.0653533333333","6500200","三重區"
"241017","063-VK","2019/02/21 19:39:19","新北市三重區大同北路182號","121.491565","25.0657283333333","6500200","三重區"
"241026","066-VK","2019/02/21 19:39:30","新北市三重區文化南路65巷7號","121.499855","25.0608716666667","6500200","三重區"
"241003","091-VK","2019/02/21 19:39:36","新北市三重區五華街93巷93號","121.494071666667","25.0850666666667","6500200","三重區"
"251014","742-BX","2019/02/21 19:39:30","新北市淡水區北勢子14號","121.47615","25.2307266666667","6501000","淡水區"
"241009","267-UM","2019/02/21 19:39:25","新北市三重區三和路四段400巷28號","121.480131666667","25.0791466666667","6500200","三重區"
"241032","269-UM","2019/02/21 19:39:21","新北市三重區重陽路一段60巷53號","121.484783333333","25.0582183333333","6500200","三重區"
"241013","270-UM","2019/02/21 19:39:23","新北市三重區仁賢街15號","121.496065","25.0746866666667","6500200","三重區"
"241025","271-UM","2019/02/21 19:39:34","新北市三重區忠孝路三段84巷5號","121.48019","25.064335","6500200","三重區"
"241007","398-BY","2019/02/21 19:39:18","新北市三重區仁美街64號","121.486558333333","25.0783466666667","6500200","三重區"
"241035","462-BY","2019/02/21 19:39:30","新北市三重區正義北路61-1號","121.497365","25.0645","6500200","三重區"
"241004","475-VK","2019/02/21 19:39:21","新北市三重區自強路四段39號","121.489188333333","25.0770483333333","6500200","三重區"
"241020","478-VK","2019/02/21 19:39:36","新北市三重區自強路三段103號","121.487873333333","25.0755966666667","6500200","三重區"
"241022","480-VK","2019/02/21 19:39:37","新北市三重區三民街157巷4號","121.483868333333","25.0647083333333","6500200","三重區"
"241023","545-UM","2019/02/21 19:39:29","新北市三重區忠孝路三段99巷20號","121.479481666667","25.064255","6500200","三重區"
"241001","547-UM","2019/02/21 19:39:38","新北市三重區仁愛街315巷51號","121.494326666667","25.08021","6500200","三重區"
"241019","KEA-2593","2019/02/21 19:39:36","新北市三重區安慶街361巷14號","121.487741666667","25.0677166666667","6500200","三重區"
"241006","AAD-863","2019/02/21 19:39:36","新北市三重區永福街293號","121.48367","25.0745233333333","6500200","三重區"
"241012","941-UM","2019/02/21 19:39:30","新北市三重區仁興街33巷11號","121.499478333333","25.0755283333333","6500200","三重區"
"241029","942-UM","2019/02/21 19:39:21","新北市三重區重安街92號","121.492405","25.05645","6500200","三重區"
"235064","005-UY","2019/02/21 19:39:39","新北市中和區南山路123號","121.502146666667","24.9972133333333","6500300","中和區"
"235056","096-UM","2019/02/21 19:39:33","新北市中和區中山路三段114巷67號","121.475811666667","25.007715","6500300","中和區"
"235039","097-UM","2019/02/21 19:39:31","新北市中和區景平路71-7號","121.51834","24.99181","6500300","中和區"
"235065","098-UM","2019/02/21 19:39:33","新北市中和區永和路9巷1號","121.49922","25.0040116666667","6500300","中和區"
"235040","150-BY","2019/02/21 19:39:34","新北市中和區保健路50巷68號","121.509086666667","24.9952283333333","6500300","中和區"
"235058","151-BY","2019/02/21 19:39:32","新北市中和區員山路217號","121.481258333333","24.9979183333333","6500300","中和區"
"235055","183-VK","2019/02/21 19:39:31","新北市中和區中山路三段181巷18弄11號","121.472708333333","25.0048316666667","6500300","中和區"
"235038","185-VK","2019/02/21 19:39:29","新北市中和區自立路141巷3號","121.522466666667","24.9935666666667","6500300","中和區"
"235049","186-VK","2019/02/21 19:39:24","新北市中和區景新街212號","121.507001666667","24.9952233333333","6500300","中和區"
"235031","255-BX","2019/02/21 19:39:24","新北市中和區新生街229號","121.483876666667","24.9992383333333","6500300","中和區"
"235044","293-VK","2019/02/21 19:39:24","新北市中和區南山路543號","121.507945","24.9867266666667","6500300","中和區"
"235072","301-VK","2019/02/21 19:39:21","新北市中和區連城路265巷6弄5號","121.491215","24.9957866666667","6500300","中和區"
"235043","352-BY","2019/02/21 19:39:23","新北市中和區捷運路6號","121.510235","24.98951","6500300","中和區"
"235042","KEA-2878","2019/02/21 19:39:31","新北市中和區景安路79巷37弄16-6號","121.508273333333","24.9960866666667","6500300","中和區"
"235050","4979-A6","2019/02/21 19:39:23","新北市中和區錦和路350-1號","121.490413333333","24.9935766666667","6500300","中和區"
"235070","558-UM","2019/02/21 19:39:18","新北市中和區景平路495號","121.49993","24.9980866666667","6500300","中和區"
"235045","565-BX","2019/02/21 19:39:35","新北市中和區景平路177號","121.511998333333","24.992615","6500300","中和區"
"235054","640-BX","2019/02/21 19:39:17","新北市中和區莒光路63號","121.4724","25.0039116666667","6500300","中和區"
"235053","647-TV","2019/02/21 19:39:19","新北市中和區國光街215巷8弄6號","121.466626666667","25.0010083333333","6500300","中和區"
"235047","732-UM","2019/02/21 19:39:20","新北市中和區南山路231號","121.503546666667","24.9933383333333","6500300","中和區"
"235046","733-UM","2019/02/21 19:39:26","新北市中和區信義街115號","121.51211","24.9868083333333","6500300","中和區"
"235071","783-BX","2019/02/21 19:39:34","新北市中和區中正路839巷29號","121.48356","25.00249","6500300","中和區"
"235057","801-TS","2019/02/21 19:39:27","新北市中和區員山路130號","121.481166666667","24.9963116666667","6500300","中和區"
"235041","802-TS","2019/02/21 19:39:30","新北市中和區永貞路274-5號","121.513303333333","25.00379","6500300","中和區"
"235052","805-TS","2019/02/21 19:39:39","新北市中和區華新街206巷5號","121.506426666667","24.9821816666667","6500300","中和區"
"235048","896-TW","2019/02/21 19:39:28","新北市中和區華新街63號","121.507975","24.9841633333333","6500300","中和區"
"235066","911-UM","2019/02/21 19:39:28","新北市中和區景新街162號","121.505811666667","24.9971533333333","6500300","中和區"
"235051","157-BY","2019/02/21 19:39:33","新北市中和區中興街148號","121.499065","24.9915483333333","6500300","中和區"
"235037","AAC-213","2019/02/21 19:39:20","新北市中和區秀朗路三段10巷29弄5號","121.525041666667","24.9959683333333","6500300","中和區"
"235059","AAC-215","2019/02/21 19:39:33","新北市中和區錦和路169號","121.490746666667","24.991435","6500300","中和區"
"220054","015-TV","2019/02/21 19:39:24","新北市板橋區實踐路181-2號","121.464263333333","25.0035566666667","6500100","板橋區"
"220065","072-UY","2019/02/21 19:39:35","新北市板橋區民族路270巷49號","121.469116666667","25.0058366666667","6500100","板橋區"
"220086","073-UY","2019/02/21 19:39:25","新北市板橋區中正路236巷47號","121.457838333333","25.0194083333333","6500100","板橋區"
"220069","AAD-861","2019/02/21 19:39:17","新北市板橋區貴興路119巷1弄1號","121.455746666667","25.0021916666667","6500100","板橋區"
"220106","120-SR","2019/02/21 19:39:33","新北市板橋區文化路二段608巷64號","121.480133333333","25.0340466666667","6500100","板橋區"
"247004","336-TH","2019/02/21 19:39:23","新北市蘆洲區中華街6巷5號","121.462336666667","25.0825666666667","6501400","蘆洲區"
"226004","312-R5","2019/02/21 19:38:59","新北市平溪區靜安路三段355號","121.779828333333","25.0448483333333","6502400","平溪區"
"235060","251-BX","2019/02/21 19:39:21","新北市中和區員山路294巷22號","121.482391666667","25.0023416666667","6500300","中和區"
"228003","097-TW","2019/02/21 19:39:32","新北市貢寮區真理里美艷山街19-1號","121.923473333333","25.0684483333333","6502600","貢寮區"
"228001","212-TW","2019/02/21 19:39:32","新北市貢寮區真理里延平街61號","121.924653333333","25.05568","6502600","貢寮區"
"224010","AGQ-8101","2019/02/21 19:39:18","新北市瑞芳區金光路334號","121.848373333333","25.1097233333333","6501200","瑞芳區"
"227004","642-TC","2019/02/21 19:39:27","新北市雙溪區雙溪里太平路54號","121.864701666667","25.0354566666667","6502500","雙溪區"
"227010","400-TW","2019/02/21 19:39:30","新北市雙溪區新基里新基北街22號","121.86722","25.0389483333333","6502500","雙溪區"
"222001","KEA-2212","2019/02/21 19:39:33","新北市深坑區深坑街150號","121.613043333333","25.00134","6501800","深坑區"
"208002","KEA-2872","2019/02/21 19:39:33","新北市金山區三民街1號","121.63476","25.222275","6502700","金山區"
"208003","665-BX","2019/02/21 19:39:25","新北市金山區中山路174-1號","121.638275","25.221185","6502700","金山區"
"208001","761-BX","2019/02/21 19:39:35","新北市金山區六股里頂六股13號","121.61252","25.222565","6502700","金山區"
"251009","008-UM","2019/02/21 19:39:31","新北市淡水區中山北路一段198巷9號","121.445216666667","25.1792766666667","6501000","淡水區"
"251005","010-UM","2019/02/21 19:39:26","新北市淡水區原德路108巷2號","121.443381666667","25.1735383333333","6501000","淡水區"
"251013","KEA-2871","2019/02/21 19:39:19","新北市淡水區頂田寮路186號","121.461338333333","25.21612","6501000","淡水區"
"251016","179-VK","2019/02/21 19:39:17","新北市淡水區下圭柔山121-2號","121.453551666667","25.2079216666667","6501000","淡水區"
"251008","181-VK","2019/02/21 19:39:39","新北市淡水區中正路一段8巷1弄11號","121.428218333333","25.17579","6501000","淡水區"
"251015","182-VK","2019/02/21 19:39:33","新北市淡水區山子頂24-1號","121.491385","25.1871833333333","6501000","淡水區"
"251010","413-VK","2019/02/21 19:39:37","新北市淡水區新市五路二段75號","121.43176","25.1990783333333","6501000","淡水區"
"251012","441-VK","2019/02/21 19:39:36","新北市淡水區淡金路二段605號","121.446203333333","25.1933666666667","6501000","淡水區"
"251001","559-UM","2019/02/21 19:39:28","新北市淡水區民權路59號","121.459798333333","25.13888","6501000","淡水區"
"251006","561-UM","2019/02/21 19:39:38","新北市淡水區中山北路一段207巷70號","121.44161","25.17931","6501000","淡水區"
"251011","650-BX","2019/02/21 19:39:20","新北市淡水區八勢路20號","121.460686666667","25.1534766666667","6501000","淡水區"
"207003","550-UM","2019/02/21 19:39:23","新北市萬里區大鵬里下社17-4號","121.648171666667","25.2177066666667","6502800","萬里區"
"207004","225-TW","2019/02/21 19:39:35","新北市萬里區萬里里瑪鋉路37號","121.687686666667","25.1757533333333","6502800","萬里區"
"252002","178-VK","2019/02/21 19:39:34","新北市三芝區中正路一段18巷56號","121.50429","25.2586883333333","6502100","三芝區"
"237004","KEA-2597","2019/02/21 19:39:30","新北市三峽區有木3號","121.421063333333","24.866045","6500900","三峽區"
"237007","153-BY","2019/02/21 19:39:22","新北市三峽區二鬮路136巷121號","121.3559","24.9105216666667","6500900","三峽區"
"237009","210-TH","2019/02/21 19:39:30","新北市三峽區中園街20-1號","121.36823","24.926775","6500900","三峽區"
"237012","275-BY","2019/02/21 19:39:18","新北市三峽區中華路36號","121.373496666667","24.9320266666667","6500900","三峽區"
"237008","302-VK","2019/02/21 19:39:27","新北市三峽區永安街113巷10號","121.374436666667","24.9283566666667","6500900","三峽區"
"237013","280-TH","2019/02/21 19:39:25","新北市三峽區介壽路一段550號","121.38716","24.93346","6500900","三峽區"
"237006","5529-G3","2019/02/21 19:39:29","新北市三峽區中正路一段336巷15弄2號","121.36996","24.9249116666667","6500900","三峽區"
"237011","KEA-2596","2019/02/21 19:39:17","新北市三峽區中正路一段154號","121.373146666667","24.92883","6500900","三峽區"
"237016","649-BX","2019/02/21 19:39:33","新北市三峽區成福路219號","121.426578333333","24.9270166666667","6500900","三峽區"
"237010","706-TV","2019/02/21 19:39:22","新北市三峽區復興路141號","121.371068333333","24.93825","6500900","三峽區"
"237005","AKY-6261","2019/02/21 19:39:36","新北市三峽區中山路219巷7號","121.363186666667","24.9363066666667","6500900","三峽區"
"236070","105-UM","2019/02/21 19:39:26","新北市土城區學府路2段185巷37-1號","121.44773","24.9777766666667","6501300","土城區"
"236042","KED-0685","2019/02/21 19:39:36","新北市土城區裕民路256巷4弄2號","121.454113333333","24.9825416666667","6501300","土城區"
"236078","166-UM","2019/02/21 19:39:33","新北市土城區溪頭路101號","121.410431666667","24.9521316666667","6501300","土城區"
"236030","253-BX","2019/02/21 19:39:20","新北市土城區福祥街71號","121.441171666667","24.980725","6501300","土城區"
"236026","269-VK","2019/02/21 19:39:17","新北市土城區中央路二段61巷26號","121.443288333333","24.97872","6501300","土城區"
"236038","271-VK","2019/02/21 19:39:32","新北市土城區青雲路257巷8號","121.459665","24.9807333333333","6501300","土城區"
"247008","KED-0683","2019/02/21 19:39:25","新北市蘆洲區中山二路45巷30號","121.474245","25.0811533333333","6501400","蘆洲區"
"252001","KED-0821","2019/02/21 19:39:19","新北市三芝區公正街66號","121.499835","25.257445","6502100","三芝區"
"236021","401-BY","2019/02/21 19:39:20","新北市土城區峰廷街3號","121.469058333333","24.9873533333333","6501300","土城區"
"236059","912-UM","2019/02/21 19:39:22","新北市土城區中央路二段63號","121.442608333333","24.9790316666667","6501300","土城區"
"236049","913-UM","2019/02/21 19:39:36","新北市土城區明德路一段109號","121.465508333333","24.98158","6501300","土城區"
"236063","915-UM","2019/02/21 19:39:32","新北市土城區延平街33巷12號","121.467405","24.9916816666667","6501300","土城區"
"236055","AAC-216","2019/02/21 19:39:39","新北市土城區學府路一段12號","121.459271666667","24.9884433333333","6501300","土城區"
"242036","AAC-296","2019/02/21 19:14:51","新北市新莊區民安西路1號","121.426648333333","25.0219866666667","6500500","新莊區"
"242048","497-BY","2019/02/21 19:39:22","新北市新莊區民安路37巷4號","121.423823333333","25.0267983333333","6500500","新莊區"
"242034","135-UY","2019/02/21 19:39:32","新北市新莊區中正路342號","121.444366666667","25.0344916666667","6500500","新莊區"
"242013","173-VK","2019/02/21 19:39:38","新北市新莊區中和街92號","121.447568333333","25.04681","6500500","新莊區"
"242007","176-VK","2019/02/21 19:39:31","新北市新莊區思源路593巷6弄23號","121.45754","25.05982","6500500","新莊區"
"242031","348-TH","2019/02/21 19:39:37","新北市新莊區新泰路213巷18號","121.4461","25.0388016666667","6500500","新莊區"
"242004","349-TH","2019/02/21 19:39:31","新北市新莊區化成路29巷59號","121.462558333333","25.0439383333333","6500500","新莊區"
"238015","755-BX","2019/02/21 19:39:23","新北市樹林區復興路231-1號","121.41971","24.990545","6500700","樹林區"
"238023","601-UM","2019/02/21 19:39:16","新北市樹林區三福街114號","121.406431666667","25.016325","6500700","樹林區"
"238019","599-UM","2019/02/21 19:39:33","新北市樹林區大同街3號","121.419011666667","24.98273","6500700","樹林區"
"238024","5061-A6","2019/02/21 19:39:27","新北市樹林區育德街78-1號","121.38817","24.9682416666667","6500700","樹林區"
"238022","KEA-2213","2019/02/21 19:39:32","新北市樹林區名園街82號","121.420205","24.9776966666667","6500700","樹林區"
"238021","KEA-2539","2019/02/21 19:39:22","新北市樹林區佳園路三段219巷19號","121.387085","24.94598","6500700","樹林區"
"238025","303-VK","2019/02/21 19:39:35","新北市樹林區中山路一段372-3號","121.418971666667","24.98578","6500700","樹林區"
"238017","283-BY","2019/02/21 19:39:30","新北市樹林區保安街二段167巷28號","121.414128333333","25.0028266666667","6500700","樹林區"
"238014","282-BY","2019/02/21 19:39:30","新北市樹林區千歲街30巷16號","121.426171666667","24.9962433333333","6500700","樹林區"
"238020","268-VK","2019/02/21 19:39:32","新北市樹林區俊英街3-2號","121.429761666667","24.9998916666667","6500700","樹林區"
"238026","172-UY","2019/02/21 19:39:25","新北市樹林區佳園路三段89號","121.387616666667","24.9523933333333","6500700","樹林區"
"238016","169-UY","2019/02/21 19:39:26","新北市樹林區東和街46號","121.399703333333","24.983885","6500700","樹林區"
"239007","AAC-297","2019/02/21 19:39:32","新北市鶯歌區大湖路326巷42號","121.34588","24.96941","6500800","鶯歌區"
"239006","891-R6","2019/02/21 19:39:23","新北市鶯歌區永昌街121號","121.338841666667","24.9505","6500800","鶯歌區"
"239001","417-VK","2019/02/21 19:39:38","新北市鶯歌區鶯桃路39-7號","121.342316666667","24.9513716666667","6500800","鶯歌區"
"239003","360-BY","2019/02/21 19:35:45","新北市樹林區中山路三段210-2號","121.380861666667","24.9672466666667","6500800","鶯歌區"
"239004","193-VK","2019/02/21 19:39:28","新北市鶯歌區二甲路43-12號","121.337153333333","24.9345283333333","6500800","鶯歌區"
"221008","489-VK","2019/02/21 19:39:27","新北市汐止區康寧街61巷48號","121.62033","25.0678416666667","6501100","汐止區"
"221036","130-UY","2019/02/21 19:39:29","新北市汐止區康寧街901號","121.651131666667","25.0751","6501100","汐止區"
"221015","131-UY","2019/02/21 19:39:29","新北市汐止區康寧街901號","121.651356666667","25.0750783333333","6501100","汐止區"
"221010","269-BY","2019/02/21 19:39:37","新北市汐止區汐萬路一段357號","121.649856666667","25.0779083333333","6501100","汐止區"
"221012","278-VK","2019/02/21 19:39:16","新北市汐止區汐平路一段5號","121.680778333333","25.071225","6501100","汐止區"
"221023","279-VK","2019/02/21 19:39:04","新北市汐止區中興路270號","121.628943333333","25.0688733333333","6501100","汐止區"
"221027","281-BY","2019/02/21 19:39:24","新北市汐止區忠孝東路9號","121.658365","25.0659766666667","6501100","汐止區"
"221029","298-VK","2019/02/21 19:39:25","新北市汐止區康寧街901號","121.651406666667","25.07489","6501100","汐止區"
"221021","299-VK","2019/02/21 19:39:34","新北市汐止區新台五路一段131號","121.652326666667","25.0618066666667","6501100","汐止區"
"221031","353-TW","2019/02/21 19:39:20","新北市汐止區康寧街901號","121.650851666667","25.075285","6501100","汐止區"
"221002","129-UY","2019/02/21 19:39:24","新北市汐止區大同路一段219巷27號","121.633296666667","25.0583616666667","6501100","汐止區"
"221025","623-UM","2019/02/21 19:39:20","新北市汐止區新台五路二段72號","121.661793333333","25.0656933333333","6501100","汐止區"
"221038","646-BX","2019/02/21 19:39:38","新北市汐止區忠孝東路250號","121.662893333333","25.0673783333333","6501100","汐止區"
"221033","647-BX","2019/02/21 19:39:30","台北市南港區舊莊街二段9號","121.624998333333","25.0376","6501100","汐止區"
"221018","753-BX","2019/02/21 19:39:30","新北市汐止區康寧街901號","121.65089","25.07529","6501100","汐止區"
"220079","145-BY","2019/02/21 19:39:36","新北市板橋區民權路202巷26號","121.460638333333","25.017265","6500100","板橋區"
"220080","200-UY","2019/02/21 19:39:28","新北市板橋區大觀路二段37巷230號","121.449531666667","25.0011883333333","6500100","板橋區"
"220082","610-BX","2019/02/21 19:39:23","新北市板橋區大觀路三段160巷36號","121.430056666667","24.9940683333333","6500100","板橋區"
"220101","245-BX","2019/02/21 19:39:35","新北市板橋區縣民大道三段103巷5號","121.475935","25.0226633333333","6500100","板橋區"
"224002","257-TC","2019/02/21 19:39:28","新北市瑞芳區三爪子坑路13巷203號","121.815505","25.1061683333333","6501200","瑞芳區"
"220056","276-BY","2019/02/21 19:39:17","新北市板橋區和平路27號","121.459525","24.9954716666667","6500100","板橋區"
"220072","277-BY","2019/02/21 19:39:37","新北市板橋區金門街215巷45號","121.433518333333","24.989555","6500100","板橋區"
"220071","283-VK","2019/02/21 19:39:32","新北市板橋區信義路85號","121.457446666667","24.99404","6500100","板橋區"
"220094","285-UM","2019/02/21 19:39:21","新北市板橋區民生路三段252號","121.464221666667","25.0311683333333","6500100","板橋區"
"220053","285-VK","2019/02/21 19:39:32","新北市板橋區民享街6號","121.47568","25.01481","6500100","板橋區"
"220083","286-VK","2019/02/21 19:39:26","新北市板橋區龍興街71巷39號","121.442173333333","25.0024983333333","6500100","板橋區"
"220081","287-VK","2019/02/21 19:39:32","新北市板橋區大觀路一段29巷179弄7號","121.449031666667","25.00481","6500100","板橋區"
"220090","288-VK","2019/02/21 19:39:22","新北市板橋區龍泉街54巷7弄2號","121.456793333333","25.0266066666667","6500100","板橋區"
"220061","295-UM","2019/02/21 19:39:32","新北市板橋區漢生東路113巷7號","121.467631666667","25.0153466666667","6500100","板橋區"
"242042","281-VK","2019/02/21 19:39:21","新北市新莊區新北大道七段339號","121.413045","25.0275983333333","6500500","新莊區"
"220075","303-R5","2019/02/21 19:39:24","新北市板橋區大勇街28號","121.454176666667","25.0171666666667","6500100","板橋區"
"220062","305-R5","2019/02/21 19:39:32","新北市板橋區三民路二段29巷13號","121.481911666667","25.0181133333333","6500100","板橋區"
"220098","317-R6","2019/02/21 19:39:21","新北市板橋區民生路三段281巷2弄9號","121.463448333333","25.030235","6500100","板橋區"
"220074","461-BY","2019/02/21 19:39:33","新北市板橋區府中路34號","121.457621666667","25.0095316666667","6500100","板橋區"
"220089","487-VK","2019/02/21 19:39:35","新北市板橋區龍泉街56號","121.457213333333","25.0261083333333","6500100","板橋區"
"220035","560-BX","2019/02/21 19:39:19","新北市板橋區金華街85巷42號","121.459131666667","25.0213283333333","6500100","板橋區"
"220084","568-UM","2019/02/21 19:39:37","新北市板橋區滿平二街2巷1弄18號","121.425011666667","24.9867416666667","6500100","板橋區"
"220063","609-BX","2019/02/21 19:39:31","新北市板橋區中山路二段467號","121.48194","25.02047","6500100","板橋區"
"220091","637-BX","2019/02/21 19:39:25","新北市板橋區懷德街139巷5號","121.479543333333","25.03061","6500100","板橋區"
"220057","686-BX","2019/02/21 19:39:32","新北市板橋區信義路243號","121.460316666667","24.9910066666667","6500100","板橋區"
"220093","689-BX","2019/02/21 19:39:35","新北市板橋區長江路三段32號","121.472641666667","25.0336783333333","6500100","板橋區"
"220055","827-TW","2019/02/21 19:39:26","新北市板橋區國慶路149巷1弄2號","121.461278333333","24.99656","6500100","板橋區"
"220067","829-TW","2019/02/21 19:39:34","新北市板橋區長安街138巷1弄290號","121.47499","25.011035","6500100","板橋區"
"220068","830-TW","2019/02/21 19:39:22","新北市板橋區中山路二段416巷36-1號","121.483125","25.01986","6500100","板橋區"
"220103","831-TW","2019/02/21 19:39:26","新北市板橋區文化路一段421巷40號","121.466223333333","25.0233333333333","6500100","板橋區"
"220088","833-TW","2019/02/21 19:39:03","新北市板橋區文聖街89巷2號","121.477508333333","25.02983","6500100","板橋區"
"220073","985-R7","2019/02/21 19:39:35","新北市板橋區國光路67巷1號","121.459081666667","25.018455","6500100","板橋區"
"220097","AAC-210","2019/02/21 19:39:36","新北市板橋區文化路一段49號","121.460568333333","25.0133433333333","6500100","板橋區"
"220064","AAC-253","2019/02/21 19:39:22","新北市板橋區實踐路159號","121.464206666667","25.0040533333333","6500100","板橋區"
"235068","KEA-2873","2019/02/21 19:39:24","新北市中和區景平路493巷15號","121.499466666667","24.99714","6500300","中和區"
"235061","KEA-2875","2019/02/21 19:39:12","新北市中和區員山路295號","121.48124","24.9999283333333","6500300","中和區"
